,-2.7792417,-2.6286651,-2.4780885,-2.3275119,-2.1769353000000002,-2.0263587000000003,-1.8757821000000001,-1.7252055000000002,-1.5746289000000002,-1.4240523000000003,-1.2734757000000003,-1.1228991000000001,-0.9723225000000002,-0.8217459000000003,-0.6711693000000003,-0.5205927000000004,-0.3700161000000004,-0.21943950000000045,-0.0688629000000005,0.08171369999999945,0.2322902999999994,0.38286689999999934,0.5334434999999993,0.6840200999999995,0.8345966999999996,0.9851732999999996,1.1357498999999995,1.2863264999999995,1.4369030999999994,1.5874796999999994,1.7380562999999993,1.8886328999999993,2.0392094999999992,2.189786099999999,2.340362699999999,2.490939299999999,2.641515899999999,2.792092499999999,2.942669099999999,3.093245699999999,3.243822299999999,3.3943988999999988,3.5449754999999987,3.6955520999999987,3.8461286999999986,3.9967052999999986,4.1472818999999985,4.2978584999999985,4.448435099999999,4.5990117
-3.3583458999999998,5.0,5.0,5.0,5.0,4.99999895160999,4.999975428574472,4.999848586557171,4.999232645405678,4.9969850272148255,4.990466076448957,4.975558430639948,4.948294863854036,4.9078525736733125,4.857733218368161,4.803002165070367,4.744975329250058,4.678892889470784,4.599801145600102,4.513149498060608,4.438528992828122,4.400425287530322,4.414044962211848,4.477456256187016,4.574190336000071,4.683220685346603,4.787264313428555,4.874134677874623,4.9363312699308,4.973196371666516,4.990777607604858,4.997440259164976,4.999432485167761,4.999897051350551,4.999989647949633,4.999999686664861,4.999999951948501,5.0,5.0,5.0,5.0,5.0,5.0,5.0,5.0,5.0,5.0,5.0,5.0,5.0,5.0
-3.2240577,5.0,5.0,5.0,5.0,4.999997380778153,4.99996353516948,4.99978423564577,4.998969344054336,4.996129985529908,4.988318100724728,4.97145574271819,4.942679001487715,4.903373078961642,4.858676144682822,4.812035740723737,4.759220765273314,4.689233002669715,4.595118962561985,4.4867121954165805,4.391768164314576,4.341946074300489,4.3554991544654875,4.428841422832176,4.540228248267912,4.662551436355289,4.775246878882795,4.866717681046412,4.931596110285844,4.970443538653314,4.989447440683884,4.9969219918998915,4.999270614622198,4.9998557714680345,4.999980590446675,4.999998620331832,4.999999788421034,5.0,5.0,5.0,5.0,5.0,5.0,5.0,5.0,5.0,5.0,5.0,5.0,5.0,5.0
-3.0897695,5.0,5.0,5.0,5.0,4.9999938103671155,4.999939749591773,4.999659145750144,4.998471753758455,4.994567449397438,4.984512214808499,4.964327366588166,4.932764910491587,4.894107106617719,4.855195173508372,4.816646460938057,4.766508687436438,4.685928022695831,4.566812557199082,4.4270676475203805,4.306606417777763,4.245337543720603,4.262607269402733,4.350975231109535,4.482623373429556,4.62409311602327,4.750888286572457,4.85133147774492,4.922025050422988,4.964960589299351,4.986728211668527,4.9957913111570385,4.9988833717950385,4.999746689573469,4.999955175417622,4.99999454330654,4.999999163188956,5.0,5.0,5.0,5.0,5.0,5.0,5.0,5.0,5.0,5.0,5.0,5.0,5.0,5.0
-2.9554812999999998,5.0,5.0,5.0,5.0,4.999988448179854,4.9999076116298475,4.9994946524758594,4.997835360379865,4.992636634063881,4.979957615714229,4.9559252468208275,4.920583086709524,4.879935504222737,4.840828266899334,4.800530496948782,4.741483357820638,4.641092837425518,4.494190868690516,4.3288068930550745,4.195370938552022,4.136252211710817,4.1651636397655505,4.2686382501438915,4.416769556726688,4.5752248720286435,4.717368355099771,4.8295718504357,4.908359145089307,4.956781156461468,4.982292079936066,4.9937265707784215,4.9980921448327695,4.999502232283467,4.999895079059371,4.999983192200865,4.999997422440521,5.0,5.0,5.0,5.0,5.0,5.0,5.0,5.0,5.0,5.0,5.0,5.0,5.0,5.0
-2.8211931000000003,5.0,5.0,5.0,5.0,4.999983192200865,4.999878594320545,4.999349609276303,4.997288436510771,4.9910281376884456,4.976269253038605,4.949136001326753,4.909904493200482,4.863888818568289,4.815366778933326,4.758507151594642,4.675215296376939,4.547004525693208,4.3770926756990445,4.2028745334961215,4.078552396728478,4.039674365216957,4.087421682615693,4.201975171064275,4.357421662857152,4.525558684268945,4.680102412933441,4.803704953551373,4.890781267708903,4.9451130808093,4.975253499154779,4.990151353680926,4.996631098417549,4.999031577986027,4.999776540307927,4.999959680185908,4.9999938167562465,5.0,5.0,5.0,5.0,5.0,5.0,5.0,5.0,5.0,5.0,5.0,5.0,5.0,5.0
-2.6869049,5.0,5.0,4.999999993610869,4.999999958337632,4.999980742689444,4.999867936585183,4.999301760815652,4.997129273765236,4.990625955925774,4.975487322095175,4.94770998321926,4.906459756218787,4.853781868472453,4.789123728626158,4.704372063540081,4.586469313552545,4.429098279990678,4.2482488316258085,4.086672928028103,3.9921836864566256,3.984502118618682,4.049558741697739,4.1644987362757995,4.3135616064861235,4.480099689415566,4.640398361525314,4.772640056824339,4.867584570302045,4.928742336530959,4.965056410522423,4.984894481118266,4.994466904021131,4.998332677120208,4.9996000994816825,4.999924672670318,4.999988448179854,5.0,5.0,5.0,5.0,5.0,5.0,5.0,5.0,5.0,5.0,5.0,5.0,5.0,5.0
-2.5526166999999997,5.0,5.0,4.999999958337632,4.99999972832723,4.999981812532695,4.999879745907238,4.999375631635504,4.997457574368588,4.991727367400804,4.978299178387971,4.953038567085021,4.913174717249011,4.856260593245235,4.776435016208301,4.66452755075823,4.515648154844529,4.339346239142799,4.164831691869099,4.0341217593534955,3.9789716838307094,3.99809460435596,4.065173262434017,4.16112651836408,4.285709895066139,4.436939036809276,4.595287086599669,4.734231232775059,4.838697004964493,4.9092414419800425,4.953587075034848,4.9792570313401585,4.99222118031806,4.997623772258636,4.999423293532885,4.999890399382026,4.999983192200865,5.0,5.0,5.0,5.0,5.0,5.0,5.0,5.0,5.0,5.0,5.0,5.0,5.0,5.0
-2.4183285000000003,5.0,5.0,4.999999788421034,4.999998613942701,4.999981399984391,4.999889518081638,4.999471412182564,4.997937430672473,4.9933905908547525,4.982545731524006,4.961222278408022,4.92499237103596,4.868206727438319,4.782148554728105,4.658432264383639,4.499359868327046,4.326392320033133,4.1762798554605896,4.084103051835735,4.061487644949293,4.088109710036378,4.133014696654669,4.18810615632614,4.271418913399719,4.396031760112784,4.547216866203978,4.6933486189728395,4.810588860750531,4.892950082103468,4.945515733898231,4.975852581957008,4.9910147689026765,4.997274738991756,4.99934069843621,4.999875806229287,4.999980954268411,5.0,5.0,5.0,5.0,5.0,5.0,5.0,5.0,5.0,5.0,5.0,5.0,5.0,5.0
-2.2840403,5.0,4.999999993610869,4.999999121526587,4.999994283676074,4.999964955234114,4.999833310551162,4.999352930864986,4.997846722308519,4.993760409127154,4.984225105897345,4.965030113125946,4.931081269539938,4.87651781978034,4.79435068353493,4.679758521357482,4.538963141101783,4.395775246495262,4.283972848786032,4.226824179971851,4.21932794394275,4.23141352562879,4.236335697667445,4.239965321583467,4.27612070447987,4.370101556344594,4.511751630500944,4.664657692580108,4.794728399307228,4.887422828082137,4.945015160621284,4.976591549264862,4.991563471822105,4.997501153463819,4.999404712275037,4.999890399382026,4.999983192200865,5.0,5.0,5.0,5.0,5.0,5.0,5.0,5.0,5.0,5.0,5.0,5.0,5.0,5.0
-2.1497520999999997,5.0,4.999999958337632,4.999997150767751,4.999981559291361,4.999904957359018,4.9996009711202145,4.998661342262114,4.996241554892571,4.99079111648458,4.979584496775547,4.9583305043902275,4.921894255654756,4.866375133604694,4.790479495395984,4.696388536953375,4.592665521170243,4.49698497080025,4.430000622677415,4.400353250680594,4.3942543732770325,4.383642628729132,4.351682340615837,4.31440329414211,4.313204976824432,4.380269977342045,4.509996366353771,4.663787863121521,4.799534777935493,4.895502944697627,4.952212957985617,4.98096156226734,4.993508030248581,4.9981566271341435,4.99957435155191,4.999924672670318,4.999988448179854,5.0,5.0,5.0,5.0,5.0,5.0,5.0,5.0,5.0,5.0,5.0,5.0,5.0,5.0
-2.0154639,5.0,4.999999788421034,4.999992430698947,4.999951583600434,4.9997596429609485,4.999038503008682,4.9969438525191805,4.9920760331701555,4.98259525143213,4.965948488737779,4.937900221813939,4.893021685880705,4.829068315026109,4.751608155099958,4.672889614555566,4.605816105143141,4.559336216147338,4.5358829255153585,4.529002222912778,4.523343419277818,4.501191859530768,4.456099905495787,4.40571274166585,4.388245126639631,4.436792654910182,4.550985572705294,4.694887955313378,4.824029609313239,4.913516253651021,4.963474574016413,4.98666969456424,4.995806811763507,4.998885885573593,4.999757344377059,4.999959680185908,4.9999938167562465,5.0,5.0,5.0,5.0,5.0,5.0,5.0,5.0,5.0,5.0,5.0,5.0,5.0,5.0
-1.8811757,5.0,4.999999163188956,4.999982949824025,4.999893275251075,4.999483993508083,4.998000857160527,4.99382931039748,4.984603726396356,4.968039176519989,4.9421626831505945,4.903341583586274,4.845337089155034,4.765600921260971,4.675071474712905,4.597446362203442,4.553459784913496,4.545569177887771,4.558228972105567,4.571410094642538,4.572684817521152,4.558228280460797,4.529549179821994,4.497580724398316,4.487882784761743,4.528691255271695,4.6250011292524436,4.7486957175334314,4.8597921105596695,4.93492220658896,4.974673714085582,4.99163886661554,4.997631476597298,4.9994287585731545,4.999888620568942,4.999983192200865,4.999997422440521,5.0,5.0,5.0,5.0,5.0,5.0,5.0,5.0,5.0,5.0,5.0,5.0,5.0,5.0
-1.7468875,5.0,4.999997422440521,4.999966172822763,4.99979490186352,4.999041584604863,4.996410922289174,4.989234424199151,4.973893976962081,4.947664326415801,4.909731345039614,4.858001380943244,4.7856298532596995,4.688095693713943,4.578807349738995,4.491372037841061,4.4558892371509815,4.471779995215032,4.508872645757838,4.536363675757186,4.5471712627301315,4.552468461444777,4.560173738491146,4.570088239924044,4.588822437111757,4.633922727524477,4.713814961274398,4.811679227149113,4.898006131356868,4.95489233134194,4.983662127381851,4.99510508740164,4.998765467419513,4.99973709818696,4.999958363265499,4.99999454330654,4.999999163188956,5.0,5.0,5.0,5.0,5.0,5.0,5.0,5.0,5.0,5.0,5.0,5.0,5.0,5.0
-1.6125992999999998,5.0,4.9999938167562465,4.999939797643274,4.9996478535604645,4.99841582872563,4.994283719579362,4.98339998974278,4.960882155334108,4.923794435396287,4.873063388945533,4.809233750105985,4.7260858907854555,4.616758900649273,4.493594236266523,4.395086990206014,4.358662972249179,4.383900850602758,4.43169697522503,4.46435788485947,4.480754753055371,4.506223570017201,4.5549302408908545,4.615704537948734,4.6743386021154905,4.733334861241938,4.8011313157888384,4.872920672767146,4.9330667715778755,4.971474300125959,4.9902078280125455,4.99728304623514,4.999381654055116,4.999884152232273,4.999987188513815,4.999998620331832,4.999999788421034,5.0,5.0,5.0,5.0,5.0,5.0,5.0,5.0,5.0,5.0,5.0,5.0,5.0,5.0
-1.4783111,4.999999746758665,4.999987604979679,4.999902709752224,4.999456504974774,4.997647527068604,4.9918095386951045,4.976969023343276,4.947243430669881,4.899890045038888,4.837997461313767,4.765560449511557,4.678607013224398,4.568773285208784,4.444119110798789,4.340862931544101,4.2988414706191085,4.320930452540058,4.367612444198876,4.399651973617627,4.419619343668607,4.461340867830439,4.543251668779467,4.646795407755517,4.741445582101917,4.815406217543679,4.874661737666349,4.924148246461577,4.961396785561726,4.984032205512573,4.994703336278241,4.998588888039688,4.9996879084134775,4.99993828519393,4.999990552495734,4.999997150767751,4.999999121526587,4.999999788421034,4.999999958337632,4.999999993610869,5.0,5.0,5.0,5.0,5.0,5.0,5.0,5.0,5.0,5.0,5.0
-1.3440229,4.9999983486590605,4.999977693845036,4.999855856518991,4.9992515816465986,4.996898765606296,4.989546241743691,4.971375283522918,4.935887675367114,4.880744425203593,4.8109621993629,4.733783984581034,4.648531441053876,4.5471956613944355,4.43264223387904,4.332873628242057,4.284184556120699,4.294865326330975,4.334649883538965,4.369273499348407,4.400221254337391,4.458393826187226,4.5604441821464246,4.685452722499922,4.797160509923615,4.876630493197103,4.927520442563221,4.960199322904548,4.980829770660468,4.992290344379498,4.997436998509421,4.9992502790990505,4.999762803134848,4.999904184111388,4.999958992107375,4.999983150538496,4.999994536917409,4.999998620331832,4.99999972832723,4.999999958337632,5.0,5.0,5.0,5.0,5.0,5.0,5.0,5.0,5.0,5.0,5.0
-1.2097347,4.999959791757432,4.999921195936466,4.9997408984661105,4.9989812500256114,4.996261432378735,4.988123954639361,4.968466356793622,4.930547680065736,4.872011605712998,4.798327032447492,4.718271369395119,4.634497577183831,4.542165235329131,4.44173326838828,4.351326070121598,4.298746104199099,4.296804884737319,4.330689125738028,4.376680309236212,4.430983194968734,4.509812879520421,4.620432535073574,4.7436019536640615,4.848970100827492,4.920108692397937,4.960354276112378,4.981172771559496,4.991638924204541,4.996547723782305,4.998492739864054,4.999134771474132,4.999396631766343,4.999610196264098,4.99979514526021,4.999914642952897,4.999972288624052,4.999992993466906,4.999998620331832,4.999999788421034,5.0,5.0,5.0,5.0,5.0,5.0,5.0,5.0,5.0,5.0,5.0
-1.0754465,4.9997593261552,4.999665155647478,4.999325914577881,4.99827134330252,4.99523374349865,4.987173472287816,4.968573638873238,4.932850992983592,4.876628820651852,4.803264359679833,4.720239820695099,4.632826218841594,4.542476253962809,4.452663275507782,4.374615990174375,4.325293309842978,4.317535719259135,4.350647223939719,4.413122562261523,4.495560098767328,4.59530390985827,4.706535798724448,4.8132490348229595,4.8972851550387,4.9508894659172284,4.978935336646888,4.991350082920489,4.996090008826977,4.997436335051178,4.997493156684341,4.997433829289817,4.997784411435932,4.998484820138692,4.999190140496268,4.999662406329863,4.999890399382026,4.999972288624052,4.99999454330654,4.999999163188956,5.0,5.0,5.0,5.0,5.0,5.0,5.0,5.0,5.0,5.0,5.0
-0.9411582999999999,4.99882288443926,4.998568212207932,4.9977795910178076,4.995887930923981,4.991940036379193,4.984062980840011,4.968439012593801,4.939244654682468,4.891127973021615,4.8227423038933575,4.737394892047442,4.641755600026964,4.545553527778543,4.460512401702011,4.396601446232575,4.3607848026460205,4.359679259018058,4.398160225751623,4.473532634831156,4.5744227116699125,4.685272945634166,4.790333130756152,4.87649354878566,4.936736168754448,4.972015611859378,4.9890192103909285,4.995358150711608,4.996391823596232,4.995020875160829,4.9931370014317755,4.992299202654397,4.993215864644038,4.995339144973909,4.9975055014327125,4.998960138289156,4.999662406329863,4.999914642952897,4.999983192200865,4.999997422440521,5.0,5.0,5.0,5.0,5.0,5.0,5.0,5.0,5.0,5.0,5.0
-0.8068701,4.995445728354129,4.994833462548175,4.993062911520832,4.98928460745595,4.982962661430519,4.974112984028437,4.961803255127974,4.941834789325216,4.906616575437643,4.848671492971505,4.765243317671864,4.662698522889688,4.558468111060465,4.474878347425835,4.426044723133453,4.4123653497278195,4.429652224470359,4.477930162550007,4.557088483420957,4.658240069167873,4.763704437998788,4.855220928074594,4.922079660701028,4.963447123542949,4.985018314606794,4.994064683994357,4.995972575484542,4.993616397648443,4.988727542492366,4.983713673706028,4.9815646914011555,4.983733172546869,4.988820332817552,4.9940160090160965,4.9975055014327125,4.999190154885309,4.999795239088537,4.999959680185908,4.9999938167562465,5.0,5.0,5.0,5.0,5.0,5.0,5.0,5.0,5.0,5.0,5.0
-0.6725819,4.98597814925219,4.984726919540864,4.981340919706228,4.974560107756165,4.964300927279156,4.9528967577749015,4.943064651413386,4.9330132124370145,4.913516443044724,4.871382976683344,4.797667139886891,4.69676479314421,4.590600000931645,4.510125040316103,4.475805831086102,4.485652941641419,4.524734570274053,4.582660704178093,4.6569430111558345,4.743230416066834,4.829519189662985,4.901443749702276,4.950902705425204,4.978967873846299,4.9919539287146595,4.996097804888832,4.994704529162773,4.988677720336484,4.979087730620111,4.969606112538241,4.965564032971267,4.9696106924407015,4.979113804822777,4.988820433035011,4.995339663135844,4.998487010138331,4.999617456254919,4.999924672670318,4.999988448179854,5.0,5.0,5.0,5.0,5.0,5.0,5.0,5.0,5.0,5.0,5.0
-0.5382936999999999,4.965602437280648,4.96331100272179,4.957792536607113,4.947699479831566,4.933506675512184,4.919553876366374,4.911658800653827,4.910403813035392,4.906184508878898,4.882471629056615,4.826141253673985,4.7390221275662645,4.643261072964137,4.5727738565064735,4.551862489022577,4.578819858974954,4.632609782135523,4.694390851548026,4.758157536287193,4.823298667030164,4.885123660116805,4.935497381062189,4.969296612171702,4.987653651056226,4.995358423679028,4.996660391788041,4.992954978053852,4.983683240342808,4.969604539740864,4.955783076451027,4.949896656921897,4.95578395492444,4.96961078626903,4.983733826046793,4.993219249873425,4.997798612740867,4.999443402135192,4.999890399382026,4.999983192200865,5.0,5.0,5.0,5.0,5.0,5.0,5.0,5.0,5.0,5.0,5.0
-0.4040055,4.9324251383297435,4.928288692812603,4.919979223486922,4.907305457806954,4.89175191337629,4.878389075913642,4.8736218454355225,4.878872574321744,4.885564405504732,4.877709336678204,4.84184367103196,4.778229495900761,4.705790729759974,4.654628342540489,4.647172284025771,4.682166056187363,4.738496296106095,4.795307200643556,4.845213371279572,4.889706148952487,4.929203240774612,4.960691360240771,4.981624317564155,4.992798415760382,4.997130215107875,4.996928349620311,4.992196254570452,4.981547490273966,4.965562981533706,4.949896397291431,4.943225262718604,4.949895813721721,4.965561890248987,4.981561608935756,4.992303966800748,4.997485862832763,4.999343014625158,4.999844032239482,4.999943833845896,4.999957035960758,4.999952255022104,4.999951757838084,4.999957751646555,4.999969021158871,4.999981421735925,4.999991027617802,4.999996543967107,4.999998945220858,4.999999746758665,4.999999945559369
-0.26971729999999994,4.892353121268665,4.8847300597196135,4.871931992790206,4.857175895790293,4.84409184611349,4.83684383886675,4.838509049071137,4.8482546360252075,4.859168707767728,4.859882873276938,4.841224515931765,4.8041537301509925,4.7626781636712625,4.737846777885136,4.744616731511093,4.780774639904431,4.829337245620206,4.873476785323083,4.907614983444311,4.934686157917227,4.957655893470976,4.976143231753412,4.98872571814442,4.995543782138959,4.998076750216562,4.997446725627569,4.9931424393195405,4.983717360451809,4.969607874596241,4.955782763115888,4.949894854095795,4.955777578095198,4.969591122848514,4.983685901658409,4.993126600694996,4.9976537451836816,4.999253006457167,4.999666392753506,4.999729543157464,4.9997134444487,4.99968524926471,4.999682007217646,4.999718111306332,4.999786399097923,4.999862040312129,4.999922446987013,4.999960649646367,4.999981528493487,4.999991953836342,4.999996230631969
-0.13542909999999986,4.857871008340916,4.844491533595653,4.824168912958589,4.805983481001047,4.797525416836175,4.801334059695984,4.81375677688325,4.828008984345745,4.837803591184246,4.838691770236773,4.829567840518083,4.814865746794185,4.8039341949347705,4.806523815106926,4.827017766083849,4.860752021734148,4.896230869569493,4.923662785794344,4.94167333227028,4.955136163351743,4.96817357650031,4.980653968675912,4.990304530366682,4.995983741744396,4.998279955301795,4.998074788854174,4.995205016408908,4.9887685568901095,4.979090533265224,4.969592120025354,4.965537935802267,4.969558082827163,4.978993383573536,4.988556370798284,4.994845469383198,4.997721913288222,4.998616055599413,4.99875105695792,4.99866674014744,4.998516474819522,4.998379831186466,4.998368622691932,4.998553043955131,4.998895945112905,4.9992742932971534,4.99957847015866,4.999775867966067,4.9998894651204076,4.999949914316476,4.999975932681303
-0.0011409000000000002,4.838799074930957,4.818360421247913,4.788069941168018,4.7637822703895205,4.758607896608664,4.774492748998694,4.800378165995822,4.8212511410302605,4.8291021495692386,4.825558523021161,4.818531850975505,4.817828112350399,4.829972931012661,4.854584852837632,4.885704995127551,4.915574874739319,4.937345680988501,4.948160278953587,4.951619117223121,4.955240379344383,4.9638744397155445,4.9760864109036405,4.987206249022067,4.99429170418646,4.997501791521335,4.998193462196555,4.997008263523418,4.993753692055026,4.988668478808461,4.983604565620917,4.981404290067173,4.983463619266354,4.988279069291416,4.992894249825779,4.995444629584071,4.996018778378981,4.995658520631517,4.9951336551566055,4.994596168372142,4.993989413113148,4.993478805490483,4.9934563471457105,4.9941889018219205,4.995526875112544,4.99699722982362,4.998189931360751,4.998989383039338,4.999477668151316,4.999755022823666,4.9998797948722675
0.13314729999999986,4.834338964354048,4.80865444745763,4.769977123742444,4.738664335409821,4.732968446036344,4.756403576380226,4.7935698257601125,4.822560072126292,4.8320431609493175,4.826331646367763,4.819316645232983,4.825267161525663,4.849860662503589,4.886558871011812,4.9225741524949305,4.947856973554731,4.958469082903278,4.956346391123094,4.949005702369618,4.946359509518012,4.953728712520068,4.967973236844537,4.9818281412584415,4.9907843516712465,4.995036786620686,4.996703801702869,4.997096976899195,4.996371019943677,4.994580301625954,4.992522982132355,4.991484569877122,4.9920449814650745,4.993330692713976,4.993682441561314,4.9921521674648295,4.989293488244321,4.986452643100561,4.984356125491834,4.982651208321978,4.9808640311329295,4.979411579171643,4.979439777866474,4.981721523133819,4.98578146271616,4.9902155130859,4.993853923611587,4.996393743831089,4.99805354905847,4.999059795411384,4.999530753079926
0.26743549999999994,4.8356799630271325,4.8100784791779425,4.770027216727703,4.735147752238064,4.7255648746401935,4.747961312782891,4.788277164712959,4.823083056183577,4.838686988882919,4.838208215722309,4.835583608229287,4.845458537181874,4.873299311306185,4.911372852676432,4.945528064783963,4.965602159577985,4.969140953522804,4.960092634781796,4.947459892012914,4.941847810901757,4.948348873894531,4.962720427340401,4.976511057247976,4.984963675258846,4.98900665274296,4.991476216403186,4.993655815364584,4.99515639841498,4.995473038483318,4.994887364209952,4.994168452873548,4.993618788764585,4.992365240415744,4.988708131279374,4.981783721698184,4.973023669618507,4.965225590221624,4.959775034925388,4.955636372993244,4.951575911751461,4.948503207274328,4.948995999163987,4.954697976730642,4.9643754084856155,4.974803385016527,4.98346570607027,4.9898111912580925,4.9942707360615985,4.997143938315302,4.998533479872588
0.4017237,4.8347158480444445,4.815677860878124,4.78383587951997,4.752352167031253,4.738230462352793,4.7511367230120705,4.783887296856747,4.818526618932248,4.841907748500576,4.853175368328129,4.860563244955246,4.874581536634718,4.900245974569083,4.932467152244996,4.96028917638512,4.975485453636343,4.976313636890602,4.966604628515444,4.954330626877645,4.9484455297546255,4.952737218076731,4.9627878059033455,4.971099470967402,4.974637876423243,4.9761191929791,4.979056882005742,4.983694142471409,4.987803828765709,4.989681093614148,4.989482318374861,4.988396961092451,4.987011224948972,4.983973960013545,4.976277571034019,4.96220180015326,4.944361731001207,4.928224956422643,4.916775812897285,4.9084320029574595,4.901123474722878,4.896499377520717,4.898882109555147,4.910634997553985,4.929060721916448,4.948397759745809,4.964632775466751,4.97718943495769,4.986691870643204,4.993153324971441,4.996359954511167
0.5360119000000001,4.8277395605527555,4.819543946323465,4.8030474709641835,4.781704908671067,4.765298913654123,4.764713848594165,4.782415492416936,4.810849023241199,4.839828124996895,4.863037216465917,4.880246792010185,4.896636516085769,4.917710416106123,4.942795123178426,4.9651492037574325,4.978322141887057,4.98058914930629,4.974836992950179,4.966803947207988,4.962315813654289,4.963041493183402,4.964919133506262,4.962879215462112,4.957194332002805,4.953465298390741,4.9560466278133335,4.9632739076187695,4.969914435441966,4.9726098594469,4.971893787783185,4.970234113052779,4.968985644295161,4.966002712183135,4.955943464942484,4.93513663701151,4.906902127738209,4.8796982591388325,4.859027763497659,4.844049844589434,4.833059525210012,4.828757364057842,4.836254086030151,4.857087135757983,4.886095889246232,4.915114923094478,4.939521652422505,4.9593935531990745,4.97542988629956,4.986770697308931,4.9924804373688865
0.6703001,4.813224578023259,4.815897593064906,4.815943374280949,4.807770047070573,4.7926601719063955,4.7804558901870795,4.782389416282874,4.801964734210771,4.832150786105658,4.860614284286315,4.879587443946667,4.892215578761281,4.907642895076117,4.929661354271923,4.952872037545431,4.969645228718669,4.977222291031875,4.977927174033508,4.975742473210114,4.973447590856822,4.970540195577453,4.963345851882183,4.949394667192602,4.932594126595458,4.921762156921832,4.9221184209750986,4.929770348296432,4.936366324377724,4.937542071660705,4.935296352497309,4.934026414195529,4.935736033390464,4.936994232624674,4.929562354432714,4.906847245826773,4.871143571872018,4.832291982536111,4.7987352670103745,4.773399915970707,4.758292378773803,4.757803789853685,4.775353564819763,4.808537932240438,4.848521544330618,4.885679954393122,4.916307523288849,4.941911572849043,4.963259528480961,4.978494412831655,4.986099363380196
0.8045882999999998,4.7932271224461775,4.8022717274653015,4.813203813286591,4.815482167556839,4.803652748497942,4.784927764343699,4.775929089080007,4.7880696518081045,4.815539254192536,4.8400958912080885,4.849683050129887,4.850938000611105,4.860548482230492,4.8857469362640105,4.91785216488894,4.944173083952105,4.9600439369441975,4.968216290301916,4.97211585334567,4.972478612758943,4.967368786735556,4.953571828065769,4.930538551329294,4.904713457263847,4.886963775216289,4.882600644178956,4.8857323337119904,4.886424573021927,4.881703456594631,4.876960666732417,4.878663082122093,4.888046984077721,4.899209011671596,4.90105855542666,4.883901429076477,4.846702049029154,4.797476133128673,4.747318291740918,4.706878939712323,4.6864553980818595,4.693013096114628,4.7253961359641234,4.774028617610307,4.82544196810138,4.869373210925322,4.903708195271009,4.931371019734128,4.9534478107162245,4.968202615424916,4.975018715554384
0.9388765000000001,4.7782856168512415,4.785997984833559,4.796492844259755,4.799874681295629,4.787911663610455,4.76547464707644,4.751273826176597,4.7600653353507125,4.78438683474869,4.8003647198584485,4.794622369858122,4.781026719824,4.785617244110991,4.817639507191871,4.862236848562777,4.900074423956658,4.9247898946764925,4.940156911287363,4.949518709538548,4.95263823168382,4.94768499898147,4.932567209220519,4.907633244030556,4.879544226313866,4.858577982641985,4.8485044565872455,4.841974287024897,4.8301519822510866,4.814871517859451,4.8070781580949795,4.814824253955514,4.836116586602039,4.860784853999561,4.875379514325393,4.868091663804158,4.833378425218353,4.774891839904507,4.705978723479381,4.64772677695845,4.621449905049267,4.636695857434297,4.685924319187378,4.751202387532408,4.814630624540173,4.865574241367207,4.902618430061364,4.928833075989731,4.945739878020163,4.953711306211036,4.955693480026325
1.0731647,4.782930080256911,4.78153873789799,4.778575595788858,4.769148141700507,4.74697457272612,4.717246911420466,4.699729803987036,4.709324425813586,4.734810074634055,4.746667654332564,4.730364622779151,4.7056695308670635,4.705903297017126,4.741676224013328,4.7937508771200585,4.838878043829526,4.870163213966435,4.891412112049601,4.904799578592329,4.910107379335585,4.908095754097258,4.899091196767688,4.882889568987625,4.863054330073949,4.846039268272853,4.832574560872947,4.814793478017136,4.787528017998623,4.759828726672424,4.749084723732587,4.764000049789985,4.797410108370329,4.833633697866717,4.857441461038198,4.856493523948647,4.82191347666494,4.753611286673195,4.667636769399516,4.595065873324811,4.566218095084708,4.591047428699164,4.655357966748882,4.734538680701211,4.808161714115764,4.865758464772132,4.905447129661434,4.928704029958311,4.936876339194387,4.933664553283598,4.927785053730968
1.2074528999999998,4.811831830223539,4.797300776952787,4.772372156402048,4.738289729818562,4.6941104561252605,4.6486656498522905,4.623813751403991,4.634406373191239,4.666056049475208,4.683943522083746,4.669373826639309,4.641629967278237,4.636398281468609,4.666967622504944,4.716119072476932,4.762213806865494,4.798376700466397,4.825473854344487,4.842288417407319,4.849599333275074,4.853571518847344,4.858326550532592,4.861422045180209,4.85996386732685,4.854115415862638,4.84138031839715,4.8149423822994954,4.7747912427307995,4.73704684148356,4.72407504508126,4.744070849666609,4.7846728039526205,4.825182041352735,4.849076916549297,4.844755133849984,4.803158358521885,4.724340854436266,4.628076011200379,4.551348229300527,4.527009452316484,4.561900564339588,4.63659502680955,4.72341907935565,4.802103167032612,4.86345188792123,4.905127917308983,4.926250267372941,4.926947761495394,4.913537207688294,4.900286247589815
1.3417411000000001,4.854620970131264,4.828347683611267,4.781768223069163,4.720237060443611,4.648163952121363,4.578859000828108,4.537285199118655,4.540838541255625,4.576181290390144,4.605464773484278,4.602456038385406,4.578481762385343,4.56673725511296,4.585665103301528,4.6267971160734955,4.674046537536757,4.719114389802829,4.7564630396434815,4.779755770875106,4.7912786495354105,4.8038221696324115,4.825842343514731,4.852054379728543,4.871996081327683,4.87925991586104,4.869288153961609,4.8378687351848235,4.790149874143855,4.746901818411262,4.732262732445421,4.7528298107848235,4.792878075238469,4.829009964273142,4.844109963729611,4.828049824870231,4.775059734628911,4.689607699098274,4.5946301590988705,4.526042739231619,4.511695701358636,4.553797745300529,4.631816414089647,4.719410555881653,4.798058737643936,4.859929682122296,4.9027403003328605,4.9240270787574305,4.922480634600345,4.905132211302957,4.888810662982976
1.4760293,4.896102835947247,4.863183067660483,4.802412310990132,4.719449012692094,4.620571781215315,4.521246978496295,4.4498345782322675,4.430332388653741,4.456669903741384,4.492317376664321,4.503096546626498,4.4884713795933315,4.476129408719393,4.490135434597289,4.532377166324329,4.591456132747949,4.654956368477686,4.7097674196153605,4.7451456623457124,4.764689281055551,4.785951256413794,4.820734732844611,4.862504521764053,4.896120020004483,4.911025417471082,4.902044863515514,4.867797142226009,4.81698988922266,4.771655260111367,4.75433028464631,4.76942657970981,4.80077630484241,4.825944416505086,4.828782249549549,4.8011283097610695,4.742238041808966,4.6621029496866,4.582992427853322,4.53187157093344,4.526687170332455,4.567663591351371,4.639910177024453,4.722811205669636,4.799392567854658,4.861066996179242,4.9049537419338725,4.928418377023025,4.929956448098239,4.915960959331722,4.901950034904783
1.6103174999999998,4.927778934870718,4.893292720453754,4.826241042391776,4.728507492354531,4.603965267634608,4.468197519248749,4.354375558664097,4.296868985880751,4.301102476557364,4.335565752106001,4.36084110207561,4.3653451903653355,4.36955914578126,4.399359330000194,4.4620690711187585,4.54657703156937,4.634986980258094,4.709377136273608,4.758308817435469,4.786563598714767,4.8125937860010675,4.849254512158938,4.891460700538673,4.924717366194143,4.9381588411193835,4.9268633679768525,4.890931347603706,4.839949411517884,4.793891018524915,4.771068594586349,4.773781809483064,4.788813226731708,4.799205712810889,4.79242213675437,4.762412725153118,4.712074785508872,4.653805139986137,4.603815778602676,4.574922314505571,4.5743866099096095,4.604804795121218,4.662651766578061,4.736225263496725,4.809688992616221,4.871275469515043,4.915889193856281,4.941453977852093,4.947889811193926,4.94084312485515,4.932148881696617
1.7446057000000001,4.948685324822755,4.9147250087011525,4.844061913864082,4.7322914626834205,4.57948453027746,4.40295618654107,4.243801356790184,4.147853376497252,4.130800445798343,4.166088507841202,4.212084291078917,4.249296048746249,4.289870345224853,4.355497649541915,4.451923709764489,4.56485104626038,4.672680699366284,4.7579393568289525,4.813163053484745,4.844775906656524,4.868876065366171,4.896842885564339,4.926465821560129,4.947881746966398,4.952979546104459,4.937499255649605,4.901367470337609,4.852554707233731,4.806512783825676,4.7757629305041895,4.760976189448892,4.754780589460609,4.749680007450674,4.739400241127929,4.719387458971398,4.692200613860696,4.6675855366709165,4.652805777222888,4.647199598024037,4.649767634019501,4.666862398156042,4.706384034329457,4.766046701609054,4.832357848487647,4.890802633283153,4.933516897962429,4.958708765322429,4.968121735247381,4.9669705535732245,4.9632205452685145
1.8788939,4.9605742176663234,4.926333482835581,4.85054722244201,4.723376438309575,4.543681452198101,4.334067085473219,4.144594308944448,4.028629614297886,4.00595704535214,4.051949528769495,4.124598288139066,4.199738948876991,4.281525720848122,4.384307487992778,4.508978558627993,4.638183377327125,4.750078307256671,4.831669526207551,4.881874334900896,4.909066405308855,4.925730002935679,4.940137389903322,4.95228426241774,4.957692579408148,4.952248708022717,4.932751508238038,4.898116499079325,4.853308094455951,4.808262374066773,4.769712132006588,4.737665364647315,4.711880336472797,4.69544747730964,4.688856739373874,4.687535402981041,4.689571410976685,4.698588412850434,4.714671265881976,4.729807837357744,4.738519195836391,4.748090073153369,4.771997216335474,4.81482917182044,4.867647281711085,4.916677051342016,4.952896975055836,4.974344666736515,4.983585016657035,4.9852421428132905,4.984356336554262
2.0131821,4.966115294930486,4.930908286867064,4.850876106193072,4.714771340956799,4.524110787896931,4.307060650886006,4.1171607611621255,4.006484018872978,3.9922467641401655,4.0503754080808685,4.14104484134079,4.239067431345889,4.343698053725189,4.464099528662073,4.5979894371316945,4.7267713577145445,4.829814948220644,4.898604754917365,4.9373669980877795,4.955965827791269,4.9636666425785085,4.965409140800801,4.961962464775892,4.9529588898691514,4.938196076832265,4.915946455428706,4.883988114488552,4.843803317042208,4.800192430593439,4.755984903169524,4.712502384043253,4.676246104855812,4.657975471755275,4.66189111238325,4.681346242156717,4.708230252719815,4.740110718872333,4.774601062603271,4.803831796001614,4.821421284163531,4.831779564843673,4.846836105541287,4.873912681137547,4.909542543245179,4.944179372401074,4.970206482269231,4.985613196136718,4.992569487761758,4.994597904678583,4.99474693888597
2.1474703,4.969212887933034,4.935106660586937,4.858197276427063,4.730219344351418,4.556776847961366,4.366446041029414,4.205654738426386,4.115610640702606,4.1079891763984335,4.16222591400525,4.245474347594829,4.336212938379541,4.433688160534542,4.54658805208245,4.672494895494466,4.792022508556265,4.883887067558092,4.940837653218061,4.969535340127558,4.980581189498576,4.981209400952277,4.97395804799941,4.959608957494467,4.940411257801627,4.919298065758625,4.89603351125824,4.867302269744961,4.8311573012569236,4.788485216343585,4.741209416067757,4.694479928251476,4.65999299948526,4.650565519997871,4.668895917298938,4.704914269254358,4.745989815740017,4.786515225849205,4.825605662389296,4.859953781539886,4.88460279378717,4.899710919077231,4.9118962038897145,4.927741870879293,4.947943941785851,4.968100238512795,4.983538698574174,4.992710750064445,4.99690576577254,4.998302898214239,4.998585605698201
2.2817585,4.973173520988992,4.944135111424541,4.880522977154143,4.778948087753082,4.647166415536596,4.5072908075208495,4.390148332226511,4.32141290607095,4.30847159760054,4.338677579122205,4.390455015081701,4.449555659308956,4.518567876067346,4.608407438599927,4.7178693545405315,4.826418075829001,4.910177133168432,4.960278907875119,4.983324192183934,4.9899107631281305,4.98627266669699,4.973834800514744,4.95351319958492,4.929108949083815,4.905395300965987,4.88299100614039,4.857701196832219,4.825070724885219,4.783861546107809,4.737418040688151,4.695467964484599,4.671972811137401,4.676447720336714,4.706602953578717,4.75015285466589,4.794126580043093,4.832975984325518,4.8679732275100385,4.900060597826113,4.92639582000215,4.944393214050661,4.955896866536399,4.965325566052893,4.9752195049562085,4.984852209236671,4.992304766506019,4.996759478759263,4.9988028559531,4.999512059537722,4.999684099781879
2.4160467,4.977954895908791,4.956479122371185,4.9116535626521,4.8442560887674135,4.761206297460835,4.67455858881034,4.598401771373153,4.545096393472498,4.520906915080678,4.522624308051215,4.539839280999905,4.565093088769576,4.603545263673284,4.667259592782157,4.75615300933075,4.85013228608806,4.92447663986,4.96875750620306,4.988137233418545,4.992066025231548,4.985834045946557,4.970549329901448,4.947715779643763,4.922065099713077,4.898811728782626,4.878547358131108,4.856890069192415,4.828913986026093,4.793261532167772,4.7547811155114985,4.724872769011387,4.715430319564897,4.730128299437267,4.762800058056978,4.802986811262694,4.8417267544853235,4.875025396538218,4.903998385984276,4.930565144989897,4.953497519553731,4.970050371908991,4.9799829951881645,4.985868489056404,4.990300496028722,4.994130803512992,4.997041956738242,4.9987856178566386,4.9995849725082495,4.999865933212065,4.999937713170064
2.5503349,4.980561908975456,4.965572635391043,4.936991732103277,4.898537417568174,4.854900481946696,4.808897488385538,4.7623466501854725,4.720026464017715,4.689758903344499,4.675977968362675,4.675373755563722,4.683138369872658,4.7030776522910855,4.745235254199801,4.810423550443266,4.882603177551589,4.940943441275877,4.975821741679848,4.990464885700501,4.991716104026511,4.983095855914632,4.9654082855421535,4.940993666236869,4.915306095748226,4.89328103929547,4.875162783006325,4.857453864277412,4.836953951025275,4.813496106944461,4.791428273385172,4.77878736547834,4.781502502850007,4.798244126098562,4.823272126703021,4.852077989595202,4.881776365436841,4.9096005885175735,4.9340231996514685,4.9550414091678014,4.97222204738107,4.984367181004947,4.991406724225703,4.994939099631526,4.99685217564881,4.9981586869824035,4.9990824781222045,4.999629603928714,4.999879722913488,4.999968921229867,4.999992616443116
2.6846231,4.978880640444459,4.966933278707675,4.94732085851101,4.926312565759599,4.906967314182491,4.8857230337240205,4.857181873059428,4.823222058257872,4.794542327851816,4.7808521073146455,4.78179135242438,4.790898098293744,4.806803863867154,4.83493816725739,4.876918387422104,4.923488000801882,4.961372846990963,4.983944057415092,4.992649034928621,4.990951845044766,4.979930556137849,4.959678675747663,4.93307874907064,4.906182247421339,4.883937893189014,4.867007184598776,4.853755541500008,4.843451568031582,4.8367711604453305,4.835269297315595,4.840470700981015,4.851480916155012,4.864649026888403,4.877965636138793,4.893695541130708,4.914010481351526,4.936656055681492,4.957274387046505,4.97346525835894,4.985040388647793,4.99245469359499,4.996494171893295,4.99834100127033,4.999133984855321,4.999532882179866,4.999774189199514,4.999910698974368,4.999971465207531,4.99999285797621,4.999998402363734
2.8189113,4.974665193883265,4.962916455121483,4.946017820186281,4.932502278456775,4.92479196793046,4.915492883553608,4.8952348349464785,4.865398461744243,4.840147987620563,4.833427079540651,4.845797972132695,4.866828751157069,4.8882490445166,4.910158025189567,4.934849296210854,4.959872442209212,4.979722248432521,4.99125921355693,4.994777296478093,4.990907620011975,4.97854866255087,4.956730613957061,4.927957205944302,4.89834736459095,4.873786355431146,4.857123378242843,4.849222564522627,4.850448541899714,4.860170261775321,4.876037182547017,4.894035574681534,4.909211086540602,4.918194696577695,4.922708950714726,4.928980497899483,4.941443299873205,4.9582365454396715,4.974103150522295,4.985681425987849,4.992830300613512,4.996766049608365,4.998687578397762,4.999492581377354,4.999790627335502,4.999902018255723,4.999955218034085,4.999982715701298,4.999994449478212,4.999998605942791,4.999999686664861
2.9531995,4.97211350861209,4.960073926995767,4.943674340325836,4.932405223479105,4.928078487048024,4.921085570687594,4.9002309851545025,4.867943739206117,4.842529012125952,4.842063364747396,4.867237937506232,4.9027922665058,4.933638128598021,4.955390488882006,4.970975351421297,4.982983093298747,4.991506928130594,4.996073226296933,4.99655466048463,4.9920621081240775,4.980231465763289,4.958887800761407,4.929004312438251,4.895917033787466,4.8674150032754655,4.850571965828042,4.849101301825343,4.862017573166897,4.884539536998019,4.9104241893327005,4.9335603898044535,4.949100752436249,4.955538851867855,4.956356569069177,4.958058854597909,4.964835332395481,4.975450415044399,4.985743917053477,4.992933440151442,4.996908033721727,4.998780699064644,4.999566904575648,4.999859276916184,4.9999553975001785,4.999982985097263,4.999992979945203,4.999997422440521,4.999999163188956,4.999999788421034,4.9999999519485
3.0874877,4.973242465557139,4.961885089305016,4.946517473690323,4.935845886686412,4.93047288343233,4.919596334164183,4.8919077827664275,4.852105506984227,4.8229417529893155,4.826167041846543,4.8619306921524394,4.910173025629354,4.950218742465869,4.9747351133004765,4.987343986597734,4.993709998116471,4.9970586298394934,4.998458125967218,4.99783013219689,4.993868660530645,4.983770202241374,4.964242042175902,4.934143106754996,4.897527227609025,4.864504685581457,4.8472804441667465,4.852322464971435,4.875715671119045,4.907046143321192,4.936797179981281,4.95949869323984,4.973015182957262,4.978092744366747,4.978361056341196,4.9786719007544376,4.98192611153567,4.987533739648569,4.993056207527744,4.996824156772331,4.998769620841003,4.999581171840029,4.999872513923572,4.999965852138963,4.999992987077775,4.999998620331832,4.999999788421034,5.0,5.0,5.0,5.0
3.2217759,4.975612579053876,4.96527003130608,4.9511643781966725,4.940764876262451,4.933539612366662,4.91818694728962,4.883953120128583,4.837555251920254,4.80484337097351,4.8097755462576925,4.851797741374623,4.90764056356768,4.953383405339682,4.980304868099193,4.992554042999437,4.997245540677291,4.998925829920799,4.999324053890474,4.9985059271570265,4.995189269057772,4.986502070604333,4.968442333013036,4.938336690895686,4.899284220202622,4.863050474708868,4.845467147018384,4.854793025046647,4.884761317546141,4.920853493867684,4.951566905305503,4.9725622726449,4.98410509119664,4.9884527259992915,4.988957590342009,4.9890616597719415,4.990686661834519,4.993617243266016,4.996526884393884,4.998488747455403,4.999464245601056,4.999840108794832,4.99995830209729,4.999990292124972,4.999998408752866,4.999999686664861,4.999999951948501,5.0,5.0,5.0,5.0
